Subject,Group,Timepoint,Age,Age baseline,Age fup,fup interval,fup interval const,Sex,CCog,CCog baseline,CCog fup,UPDRS-III,UPDRS-III baseline,UPDRS-III fup,Left Dentate,Right Dentate,Left SNpc,Right SNpc,Left SNpr,Right SNpr,Left Red nucleus,Right Red nucleus,Left NBM,Right NBM,Left Caudate,Right Caudate ,Left Putamen,Right Putamen,Left Globus pallidus,Right Globus pallidus,Left Hippocampus,Right Hippocampus,Left Insula,Right Insula,Left Lateral orbitofrontal ctx,Right Lateral orbitofrontal ctx,Left Medial orbitofrontal ctx,Right Medial orbitofrontal ctx
sub-001,PD,1,725,725,766,0,41,F,0.56632417,0.56632417,1.685753443,33,33,33,0.13335,0.13908,0.0847,0.08205,0.069005,0.080248,0.090192,0.099095,0.1274,0.13619,0.041598,0.037926,0.069379,0.068828,0.097019,0.079567,0.010339,0.014204,0.013515,0.014845,0.023004,0.021069,0.024202,0.020793
sub-002,PD,1,852,852,900,0,48,M,-1.42584376,-1.42584376,-1.64269964,26,26,24,0.089017,0.098078,0.14686,0.15941,0.13607,0.14785,0.10366,0.11266,0.18862,0.16828,0.044732,0.042072,0.06288,0.062194,0.12455,0.10887,0.018847,0.01587,0.016835,0.020484,0.022973,0.032135,0.019989,0.022282
sub-003,PD,1,719,719,757,0,38,F,-0.433785847,-0.433785847,-0.717706114,38,38,28,0.10539,0.097497,0.099698,0.1229,0.10615,0.11921,0.10279,0.13081,0.1912,0.19819,0.059142,0.062688,0.086384,0.09237,0.12507,0.13286,0.021958,0.017646,0.014795,0.016919,0.017567,0.014774,0.015677,0.01774
sub-004,PD,1,721,721,763,0,42,F,0.689854385,0.689854385,0.787422177,17,17,35,0.056243,0.06075,0.11133,0.12163,0.12725,0.11376,0.07616,0.077437,0.10121,0.11595,0.044985,0.03841,0.057098,0.047154,0.11489,0.10542,0.01673,0.012788,0.017577,0.014878,0.018941,0.017661,0.016078,0.019209
sub-005,PD,1,597,597,637,0,40,M,0.772212434,0.772212434,0.04835846,3,3,14,0.059783,0.058688,0.0805,0.085536,0.067169,0.061461,0.068044,0.081217,0.13075,0.12215,0.035318,0.037584,0.066358,0.070089,0.095971,0.089582,0.021774,0.020745,0.015775,0.015958,0.020275,0.025595,0.025959,0.030885
sub-006,PD,1,783,783,825,0,42,M,-0.105858431,-0.105858431,-0.702994335,31,31,21,0.031591,0.040299,0.093795,0.10776,0.090305,0.088361,0.064102,0.089797,0.12528,0.14213,0.040162,0.047989,0.064652,0.054099,0.093392,0.086631,0.014875,0.022866,0.013437,0.01496,0.020913,0.017871,0.02104,0.019851
sub-007,PD,1,767,767,806,0,39,M,0.006752138,0.006752138,0.308870431,38,38,27,0.072471,0.08493,0.082443,0.10371,0.14486,0.14324,0.065072,0.072187,0.13402,0.15359,0.024792,0.027257,0.024936,0.020785,0.12448,0.11164,0.021857,0.018806,0.014905,0.014549,0.018334,0.020207,0.019937,0.024377
sub-008,PD,1,734,734,769,0,35,F,-0.465993994,-0.465993994,-0.391255428,7,7,5,0.076942,0.071693,0.085312,0.066194,0.099966,0.067375,0.063216,0.06517,0.1454,0.15912,0.03302,0.031508,0.038538,0.043135,0.13578,0.13004,0.015439,0.022295,0.016666,0.019886,0.020175,0.026554,0.025856,0.019469
sub-009,PD,1,794,794,833,0,39,M,0.136670833,0.136670833,-0.110380582,31,31,35,0.10111,0.099536,0.098363,0.10447,0.095029,0.097807,0.11465,0.12197,0.15015,0.16606,0.043956,0.046946,0.062636,0.065577,0.089234,0.089454,0.017338,0.020677,0.020052,0.021998,0.021982,0.023197,0.023233,0.024143
sub-010,PD,1,676,676,710,0,34,M,0.174288281,0.174288281,0.172563269,9,9,23,0.082946,0.077306,0.12882,0.13837,0.14701,0.12072,0.095424,0.10876,0.18216,0.16748,0.061749,0.057014,0.075952,0.073508,0.14006,0.13091,0.015874,0.017582,0.015441,0.018766,0.019192,0.020244,0.019207,0.020759
sub-011,PD,1,702,702,737,0,35,M,1.180577989,1.180577989,0.694391238,18,18,36,0.059765,0.054989,0.074695,0.077092,0.070635,0.078313,0.061324,0.073413,0.12652,0.14091,0.037448,0.04098,0.056273,0.058284,0.094181,0.090592,0.010026,0.012217,0.017117,0.014772,0.017591,0.021671,0.021196,0.019676
sub-012,PD,1,816,816,857,0,41,M,-1.501674316,-1.501674316,-2.121629478,22,22,49,0.14792,0.15349,0.15264,0.14952,0.19485,0.17035,0.12524,0.13617,0.24157,0.30354,0.053982,0.047425,0.10224,0.099989,0.15817,0.16469,0.022072,0.020278,0.020782,0.019801,0.019054,0.026784,0.027918,0.027854
sub-013,PD,1,607,607,656,0,49,M,-0.336442747,-0.336442747,0.180859148,13,13,24,0.11102,0.11449,0.11426,0.10424,0.097115,0.092,0.12131,0.11444,0.104,0.10302,0.046656,0.056087,0.082068,0.076338,0.13279,0.13346,0.021899,0.02906,0.020136,0.024832,0.026928,0.031257,0.030033,0.032656
sub-014,PD,1,748,748,788,0,40,M,0.136137723,0.136137723,-0.017460097,30,30,32,0.099834,0.08265,0.10124,0.092073,0.11003,0.099687,0.11752,0.10813,0.14077,0.15685,0.057314,0.064068,0.086445,0.075061,0.12248,0.1115,0.017529,0.018151,0.015611,0.01618,0.020811,0.021237,0.022187,0.022665
sub-015,PD,1,634,634,676,0,42,F,0.269532243,0.269532243,0.175920525,29,29,24,0.093497,0.11466,0.11651,0.12595,0.12681,0.14039,0.08887,0.10112,0.17346,0.18528,0.029031,0.035132,0.039799,0.053106,0.12431,0.11335,0.01428,0.014792,0.015997,0.018123,0.021293,0.021805,0.026017,0.02741
sub-016,PD,1,667,667,706,0,39,F,-0.035323462,-0.035323462,0.001841257,42,42,18,0.051926,0.05289,0.095197,0.075795,0.093664,0.095103,0.089159,0.073611,0.091983,0.079897,0.045757,0.026503,0.024176,0.031011,0.10008,0.084666,0.014791,0.013945,0.013873,0.015779,0.020969,0.014051,0.015546,0.018034
sub-017,PD,1,767,767,809,0,42,F,0.050768531,0.050768531,0.319931965,18,18,34,0.17152,0.14578,0.10305,0.075236,0.08996,0.071127,0.11306,0.12723,0.16889,0.14591,0.034171,0.060071,0.053151,0.055841,0.10209,0.096101,0.014721,0.015437,0.01823,0.017942,0.021648,0.021482,0.022155,0.021914
sub-018,PD,1,701,701,733,0,32,M,0.727567591,0.727567591,0.429518448,30,30,35,0.094413,0.098363,0.089838,0.11014,0.13013,0.15459,0.10336,0.096097,0.14958,0.12455,0.065577,0.076902,0.073192,0.065977,0.10471,0.10621,0.017993,0.020205,0.023413,0.02072,0.026233,0.022147,0.024622,0.034442
sub-019,PD,1,595,595,618,0,23,M,0.246033561,0.246033561,-0.041200796,32,32,34,0.070102,0.081465,0.04222,0.071232,0.059889,0.072092,0.050243,0.049797,0.10935,0.14474,0.029991,0.02862,0.039779,0.042264,0.1304,0.10632,0.020214,0.020917,0.015682,0.016035,0.026068,0.021388,0.024314,0.027225
sub-020,PD,1,904,904,946,0,42,F,0.17343599,0.17343599,-0.951853303,14,14,24,0.048654,0.040549,0.098534,0.11103,0.12768,0.13178,0.075175,0.085249,0.19073,0.1749,0.052845,0.052856,0.067081,0.066334,0.091773,0.095257,0.030899,0.023489,0.018939,0.018691,0.024442,0.023577,0.030755,0.02888
sub-021,PD,1,754,754,792,0,38,F,0.175340199,0.175340199,0.537494069,40,40,34,0.042087,0.037218,0.1067,0.091975,0.11326,0.098559,0.09605,0.072644,0.11267,0.1182,0.036866,0.026578,0.038311,0.040135,0.10367,0.10375,0.015849,0.023634,0.017847,0.018779,0.023879,0.021647,0.022852,0.021323
sub-022,PD,1,745,745,791,0,46,F,0.542129065,0.542129065,0.182691138,14,14,21,0.078748,0.087839,0.09723,0.13209,0.098636,0.11517,0.095998,0.10026,0.15445,0.17336,0.0444,0.045557,0.055708,0.053704,0.15299,0.13817,0.027786,0.023801,0.014247,0.015321,0.020114,0.019936,0.017655,0.020492
sub-023,PD,1,774,774,820,0,46,M,-1.507053413,-1.507053413,-1.700446489,10,10,31,0.14687,0.14503,0.069216,0.069552,0.076731,0.088242,0.11821,0.13356,0.1186,0.13965,0.052007,0.05288,0.088861,0.095623,0.098129,0.086867,0.023257,0.02419,0.021391,0.02394,0.026258,0.032618,0.029476,0.034987
sub-024,PD,1,697,697,735,0,38,F,-0.625499906,-0.625499906,-1.542712447,24,24,35,0.13393,0.13795,0.088914,0.098774,0.11852,0.12314,0.093247,0.10569,0.16735,0.16597,0.047477,0.041129,0.056095,0.056193,0.11876,0.10016,0.017601,0.014772,0.015784,0.017308,0.033204,0.026576,0.023851,0.021028
sub-025,PD,1,644,644,680,0,36,M,0.816740863,0.816740863,0.936300979,23,23,23,0.058018,0.061131,0.10962,0.11306,0.10319,0.1118,0.085718,0.086886,0.1479,0.16082,0.042319,0.048299,0.047846,0.051085,0.11397,0.11389,0.013796,0.016703,0.014875,0.014571,0.014557,0.020299,0.019582,0.01747
sub-026,PD,1,700,700,736,0,36,M,-0.036587811,-0.036587811,-0.327074296,8,8,18,0.010017,0.0083021,0.11226,0.10132,0.14977,0.10368,0.049277,0.04986,0.11542,0.13075,0.024496,0.037529,0.039762,0.040989,0.12308,0.10261,0.012972,0.012637,0.014003,0.01376,0.024286,0.024817,0.024058,0.021747
sub-027,PD,1,730,730,768,0,38,M,0.222478278,0.222478278,-0.055182012,35,35,35,0.084672,0.062647,0.13499,0.13342,0.15363,0.17662,0.065913,0.079508,0.17612,0.16973,0.045366,0.05118,0.051485,0.0534,0.17042,0.15406,0.019563,0.017848,0.016943,0.016591,0.021106,0.020434,0.021944,0.022315
sub-028,PD,1,894,894,935,0,41,M,-0.903466753,-0.903466753,-1.15619534,25,25,32,0.063219,0.044298,0.13883,0.14536,0.17377,0.16285,0.10253,0.12019,0.24237,0.22037,0.050426,0.044587,0.090312,0.083304,0.12736,0.10686,0.018062,0.017287,0.018275,0.020414,0.027537,0.033568,0.02,0.019941
sub-029,PD,1,816,816,858,0,42,M,-0.295393706,-0.295393706,0.025558,15,15,30,0.071843,0.091418,0.10944,0.10572,0.13896,0.12842,0.084423,0.099076,0.17937,0.18847,0.039339,0.043854,0.055613,0.054418,0.12692,0.12237,0.015113,0.017122,0.019492,0.016393,0.029227,0.027211,0.026595,0.033223
sub-030,PD,1,901,901,941,0,40,F,0.528181496,0.528181496,0.135218186,12,12,22,0.13872,0.1108,0.14142,0.14833,0.13779,0.13162,0.095741,0.08278,0.13077,0.15456,0.066819,0.056203,0.10729,0.10777,0.10511,0.081377,0.021204,0.021363,0.014747,0.017675,0.023566,0.021189,0.025584,0.026863
sub-031,PD,1,906,906,942,0,36,F,-0.361148176,-0.361148176,-0.63892492,36,36,25,0.088626,0.10587,0.067456,0.090689,0.081588,0.083064,0.061502,0.079214,0.17658,0.17681,0.044607,0.054052,0.058491,0.05564,0.10344,0.095152,0.015229,0.014204,0.014559,0.014322,0.016669,0.01603,0.017641,0.018462
sub-032,PD,1,859,859,900,0,41,F,-0.363393676,-0.363393676,0.270799066,18,18,25,0.11878,0.12456,0.073508,0.077602,0.090352,0.079722,0.09733,0.11218,0.11997,0.11396,0.071089,0.078297,0.074427,0.088223,0.11668,0.099694,0.015497,0.015674,0.015507,0.013962,0.020155,0.022478,0.020625,0.018467
sub-033,PD,1,681,681,720,0,39,M,-0.156641256,-0.156641256,0.144628126,15,15,44,0.067064,0.07134,0.11439,0.12086,0.10834,0.09074,0.090069,0.10016,0.16538,0.16271,0.062296,0.056836,0.067979,0.062857,0.13843,0.11653,0.020507,0.015718,0.016235,0.018997,0.020138,0.023955,0.01765,0.024992
sub-034,PD,1,820,820,855,0,35,M,-1.428632322,-1.428632322,-1.436696475,75,75,54,0.10554,0.11416,0.14203,0.19259,0.19911,0.17619,0.11126,0.14471,0.25487,0.25968,0.076428,0.076916,0.12206,0.11918,0.19005,0.1371,0.024255,0.022383,0.016423,0.019537,0.025966,0.022321,0.023938,0.020626
sub-035,PD,1,778,778,813,0,35,F,0.526725471,0.526725471,0.572959435,12,12,28,0.080084,0.081722,0.080631,0.079865,0.1072,0.09575,0.07888,0.068299,0.13938,0.13868,0.056617,0.055572,0.073277,0.072667,0.088565,0.084693,0.014961,0.013416,0.017559,0.014893,0.015944,0.016494,0.014598,0.013773
sub-036,PD,1,865,865,901,0,36,M,0.654685653,0.654685653,0.464383192,30,30,47,0.086578,0.091271,0.067538,0.068671,0.073997,0.077282,0.082862,0.082511,0.10864,0.12157,0.044344,0.047238,0.058292,0.059871,0.12236,0.10978,0.015131,0.013338,0.015804,0.017451,0.021941,0.025874,0.023813,0.024054
sub-037,PD,1,687,687,722,0,35,M,-0.098007435,-0.098007435,-0.667349819,30,30,47,0.12321,0.1135,0.074517,0.083746,0.08479,0.10855,0.099713,0.10609,0.20889,0.22724,0.05153,0.052441,0.074527,0.073258,0.16666,0.16461,0.019302,0.020766,0.022721,0.018393,0.030867,0.030859,0.032189,0.028785
sub-038,PD,1,797,797,839,0,42,F,0.427296003,0.427296003,0.48345768,10,10,25,0.082594,0.091152,0.080737,0.084166,0.081681,0.093646,0.07877,0.1107,0.11518,0.14146,0.051705,0.036719,0.06288,0.061192,0.14652,0.12257,0.023852,0.021163,0.021306,0.018051,0.028952,0.023627,0.027852,0.028069
sub-039,PD,1,733,733,777,0,44,F,-0.114,-0.114,-0.459266934,7,7,26,0.089783,0.074951,0.051005,0.064931,0.060308,0.051495,0.089934,0.098197,0.10445,0.1499,0.065572,0.0702,0.082272,0.084734,0.1094,0.10101,0.012554,0.012444,0.013884,0.015014,0.018122,0.019444,0.019748,0.018156
sub-040,PD,1,744,744,779,0,35,F,0.628777353,0.628777353,0.508773343,9,9,31,0.067888,0.070948,0.056318,0.062608,0.074586,0.079738,0.056415,0.064431,0.14077,0.13528,0.039611,0.037068,0.039069,0.042258,0.10151,0.087696,0.013311,0.01392,0.015765,0.017899,0.019536,0.023046,0.024326,0.022969
sub-041,PD,1,827,827,864,0,37,F,-1.456710796,-1.456710796,-0.976102122,27,27,26,0.12011,0.13361,0.080927,0.069244,0.085259,0.081668,0.087852,0.10307,0.14929,0.16665,0.06934,0.064159,0.069995,0.076508,0.10275,0.089254,0.021473,0.02003,0.014523,0.01643,0.021354,0.021392,0.024536,0.019365
sub-042,PD,1,633,633,670,0,37,F,0.296787284,0.296787284,0.702753465,12,12,14,0.093373,0.080529,0.069066,0.089253,0.091607,0.10097,0.073758,0.084537,0.081536,0.10958,0.035709,0.036713,0.045964,0.049944,0.089661,0.082377,0.014322,0.016969,0.015205,0.017656,0.019104,0.017437,0.0177,0.02072
sub-043,PD,1,830,830,867,0,37,F,0.559587146,0.559587146,0.490904521,21,21,21,0.084806,0.086325,0.088362,0.089679,0.11123,0.10709,0.064578,0.074068,0.17264,0.16248,0.038264,0.041533,0.06564,0.067483,0.096252,0.097921,0.02534,0.02198,0.016773,0.01776,0.021799,0.019303,0.024461,0.027219
sub-044,PD,1,879,879,917,0,38,M,0.712981967,0.712981967,0.654585975,20,20,40,0.098269,0.090283,0.092165,0.1243,0.1114,0.13055,0.062359,0.06424,0.13654,0.14345,0.042534,0.034117,0.060183,0.068601,0.11274,0.10972,0.018076,0.016435,0.016842,0.015828,0.02007,0.017614,0.017477,0.019341
sub-045,PD,1,952,952,989,0,37,M,-1.050932917,-1.050932917,-1.999141587,39,39,39,0.13236,0.12738,0.11092,0.12081,0.12565,0.12826,0.12492,0.11543,0.29357,0.31849,0.079302,0.08869,0.11307,0.10917,0.15316,0.1407,0.022309,0.022228,0.023174,0.022793,0.029038,0.032346,0.023637,0.023856
sub-046,PD,1,741,741,775,0,34,F,-0.062678774,-0.062678774,-0.10665272,26,26,36,0.075126,0.07749,0.072251,0.099703,0.10675,0.092822,0.095766,0.10885,0.13284,0.14665,0.061488,0.046303,0.051495,0.051961,0.1251,0.1111,0.018084,0.01654,0.017548,0.0181,0.026516,0.026256,0.024622,0.031564
sub-047,PD,1,771,771,808,0,37,M,-0.549881992,-0.549881992,0.26861699,24,24,25,0.061739,0.053002,0.085556,0.093503,0.10448,0.087697,0.055471,0.057724,0.17575,0.16827,0.052139,0.051721,0.052181,0.056158,0.12729,0.094408,0.014834,0.015685,0.019393,0.020089,0.025799,0.025352,0.031117,0.029666
sub-048,PD,1,842,842,875,0,33,M,-4.43E-01,-4.43E-01,-1.442086564,25,25,21,0.047671,0.061846,0.07757,0.074505,0.094943,0.092405,0.09741,0.095552,0.091557,0.085593,0.045169,0.051859,0.067413,0.068197,0.11432,0.083906,0.017466,0.017407,0.013582,0.016483,0.016356,0.015146,0.019903,0.01939
sub-049,PD,1,801,801,836,0,35,M,-0.39539412,-0.39539412,-0.207712719,14,14,29,0.024457,0.023484,0.063957,0.076238,0.085288,0.083207,0.088269,0.097215,0.13096,0.12561,0.036925,0.036802,0.043611,0.051078,0.10539,0.10535,0.018026,0.015916,0.018697,0.015785,0.029205,0.024965,0.027019,0.024391
sub-050,PD,1,691,691,726,0,35,M,0.121452696,0.121452696,0.747298902,40,40,22,0.058825,0.047065,0.076704,0.085413,0.077873,0.069643,0.060047,0.072343,0.092891,0.12313,0.038992,0.037607,0.048177,0.044478,0.10737,0.10704,0.019078,0.025825,0.014543,0.014222,0.026788,0.022457,0.021897,0.022185
sub-051,PD,1,768,768,806,0,38,M,-2.129724034,-2.129724034,-0.869967961,22,22,28,0.07256,0.069898,0.090909,0.13017,0.085085,0.11689,0.102,0.10423,0.15342,0.1276,0.049146,0.043366,0.061141,0.065755,0.13779,0.12464,0.012585,0.015956,0.013805,0.019017,0.02578,0.025325,0.019291,0.022853
sub-052,PD,1,785,785,819,0,34,F,0.182870792,0.182870792,0.570544993,19,19,33,0.081779,0.072522,0.12716,0.15919,0.19308,0.15221,0.077075,0.096166,0.20639,0.22803,0.049138,0.062224,0.082111,0.070198,0.16397,0.14054,0.013966,0.012971,0.020362,0.016174,0.014609,0.018615,0.017445,0.019204
sub-053,PD,1,718,718,764,0,46,F,-0.975695163,-0.975695163,-0.576865338,16,16,24,0.065403,0.072443,0.048036,0.075717,0.1067,0.093264,0.05686,0.068597,0.071196,0.051776,0.055569,0.0541,0.045259,0.057358,0.10652,0.10468,0.036864,0.023245,0.021536,0.02128,0.025828,0.028204,0.040259,0.042929
sub-054,PD,1,687,687,727,0,40,F,-0.736198779,-0.736198779,-3.336481977,19,19,33,0.14387,0.14027,0.16239,0.18082,0.20376,0.16473,0.11669,0.12222,0.20519,0.22824,0.074888,0.071873,0.087395,0.083908,0.15404,0.13153,0.015955,0.020785,0.016423,0.017974,0.023431,0.01902,0.016191,0.015557
sub-055,PD,1,868,868,902,0,34,F,0.069420908,0.069420908,-0.045796643,18,18,25,0.063018,0.072883,0.11,0.096749,0.071479,0.051101,0.092034,0.088945,0.17559,0.16096,0.059339,0.057558,0.082888,0.073763,0.12993,0.12672,0.013277,0.018066,0.017612,0.01785,0.021836,0.021689,0.021201,0.019683
sub-056,PD,1,702,702,738,0,36,F,0.393993996,0.393993996,-0.486045034,11,11,14,0.10819,0.10773,0.086267,0.082467,0.11393,0.10321,0.091875,0.082398,0.1326,0.13222,0.051705,0.045338,0.046645,0.059319,0.13929,0.13614,0.019221,0.020458,0.013937,0.015576,0.014127,0.016223,0.018054,0.021905
sub-057,PD,1,864,864,899,0,35,M,-1.576463352,-1.576463352,-1.852299129,16,16,26,0.059362,0.052376,0.077831,0.085045,0.09442,0.10324,0.060982,0.081143,0.12468,0.12749,0.046285,0.058954,0.06604,0.073721,0.094034,0.084008,0.030347,0.017639,0.02355,0.019574,0.023013,0.022441,0.023493,0.021116
sub-058,PD,1,843,843,882,0,39,F,1.365090706,1.365090706,0.6696569,6,6,21,0.1369,0.1323,0.11715,0.11514,0.13732,0.11937,0.12788,0.13208,0.18598,0.21151,0.041051,0.032639,0.063458,0.066565,0.15943,0.14524,0.015872,0.018789,0.014643,0.015257,0.018515,0.015376,0.01841,0.021488
sub-059,PD,1,663,663,706,0,43,M,-0.115193824,-0.115193824,-0.181674759,14,14,26,0.062273,0.054528,0.093133,0.10445,0.084201,0.10052,0.083232,0.078846,0.146,0.15458,0.04241,0.033079,0.044304,0.045566,0.11413,0.1071,0.013798,0.014681,0.015114,0.015481,0.021283,0.020631,0.018707,0.019666
sub-001,PD,2,766,725,766,41,41,F,1.685753443,0.56632417,1.685753443,33,33,33,0.12567,0.15356,0.097149,0.087651,0.088091,0.081701,0.1126,0.083492,0.12534,0.13498,0.047422,0.035493,0.062639,0.071938,0.099134,0.07371,0.016295,0.017666,0.01446,0.018374,0.019898,0.021959,0.0236,0.0213
sub-002,PD,2,900,852,900,48,48,M,-1.64269964,-1.42584376,-1.64269964,24,26,24,0.09418,0.10921,0.15234,0.14584,0.12465,0.10353,0.089481,0.084605,0.19817,0.201,0.048893,0.046328,0.061802,0.065123,0.11335,0.10392,0.020312,0.020053,0.017119,0.024399,0.026697,0.033821,0.027323,0.024514
sub-003,PD,2,757,719,757,38,38,F,-0.717706114,-0.433785847,-0.717706114,28,38,28,0.08436,0.097048,0.098921,0.12421,0.098814,0.1401,0.10027,0.11678,0.19505,0.17996,0.063655,0.05544,0.095894,0.079231,0.13344,0.1237,0.026741,0.020247,0.017595,0.019574,0.020673,0.016074,0.020643,0.027171
sub-004,PD,2,763,721,763,42,42,F,0.787422177,0.689854385,0.787422177,35,17,35,0.048182,0.047468,0.093623,0.095259,0.12247,0.11722,0.065677,0.070448,0.097449,0.086042,0.046667,0.031329,0.060184,0.038765,0.12185,0.097493,0.016889,0.015098,0.023323,0.017114,0.031714,0.029132,0.027125,0.031246
sub-005,PD,2,637,597,637,40,40,M,0.04835846,0.772212434,0.04835846,14,3,14,0.060283,0.051248,0.093059,0.095439,0.08332,0.074312,0.072643,0.065096,0.10573,0.098119,0.040062,0.035951,0.071688,0.063549,0.1015,0.083003,0.019674,0.026722,0.018142,0.01713,0.023452,0.023267,0.023013,0.031994
sub-006,PD,2,825,783,825,42,42,M,-0.702994335,-0.105858431,-0.702994335,21,31,21,0.032784,0.033035,0.11629,0.11439,0.1161,0.063132,0.078943,0.070413,0.12149,0.12791,0.043421,0.050046,0.056222,0.05008,0.082983,0.085304,0.015818,0.020747,0.019002,0.019648,0.022283,0.02064,0.02423,0.026528
sub-007,PD,2,806,767,806,39,39,M,0.308870431,0.006752138,0.308870431,27,38,27,0.065698,0.079882,0.061404,0.072934,0.11013,0.11369,0.059871,0.064123,0.17853,0.12895,0.027191,0.029065,0.022156,0.02366,0.12525,0.10486,0.023611,0.014882,0.017314,0.02032,0.029151,0.026052,0.030969,0.025019
sub-008,PD,2,769,734,769,35,35,F,-0.391255428,-0.465993994,-0.391255428,5,7,5,0.080269,0.07408,0.11947,0.098358,0.10171,0.089742,0.069323,0.073492,0.14323,0.15444,0.035954,0.036663,0.02869,0.035772,0.139,0.1211,0.015287,0.021728,0.017527,0.020973,0.01938,0.028766,0.020947,0.023028
sub-009,PD,2,833,794,833,39,39,M,-0.110380582,0.136670833,-0.110380582,35,31,35,0.095894,0.10943,0.097098,0.10494,0.097664,0.099341,0.11,0.11801,0.15245,0.13667,0.044974,0.045039,0.067909,0.070901,0.084731,0.083551,0.019476,0.017601,0.020842,0.022107,0.024974,0.027449,0.022693,0.026425
sub-010,PD,2,710,676,710,34,34,M,0.172563269,0.174288281,0.172563269,23,9,23,0.080584,0.085162,0.14693,0.1587,0.13257,0.13928,0.10479,0.11396,0.17066,0.20059,0.067638,0.063548,0.089627,0.083024,0.15501,0.13338,0.015698,0.017889,0.015823,0.017483,0.020072,0.022254,0.021174,0.018971
sub-011,PD,2,737,702,737,35,35,M,0.694391238,1.180577989,0.694391238,36,18,36,0.059545,0.056797,0.077515,0.084467,0.077049,0.083213,0.055339,0.074247,0.14127,0.14962,0.038029,0.043004,0.054941,0.062407,0.096841,0.081817,0.011996,0.011514,0.015828,0.016249,0.017107,0.022464,0.02005,0.018398
sub-012,PD,2,857,816,857,41,41,M,-2.121629478,-1.501674316,-2.121629478,49,22,49,0.1346,0.15922,0.1475,0.15485,0.19724,0.19045,0.1151,0.11899,0.16982,0.26947,0.049054,0.046289,0.089876,0.085594,0.14942,0.13932,0.028358,0.033699,0.021708,0.029112,0.023777,0.031716,0.035527,0.028906
sub-013,PD,2,656,607,656,49,49,M,0.180859148,-0.336442747,0.180859148,24,13,24,0.1172,0.11437,0.10773,0.11511,0.09665,0.095576,0.10879,0.11361,0.12378,0.10863,0.058633,0.051212,0.075187,0.089457,0.11936,0.11993,0.024093,0.027864,0.016353,0.01925,0.01974,0.01793,0.020249,0.019112
sub-014,PD,2,788,748,788,40,40,M,-0.017460097,0.136137723,-0.017460097,32,30,32,0.098442,0.075676,0.080433,0.083492,0.090767,0.093373,0.10878,0.11373,0.12072,0.18581,0.058599,0.068587,0.08357,0.082329,0.11595,0.12082,0.016993,0.015322,0.014713,0.014196,0.020913,0.02503,0.02742,0.027143
sub-015,PD,2,676,634,676,42,42,F,0.175920525,0.269532243,0.175920525,24,29,24,0.1073,0.092674,0.14105,0.12602,0.13047,0.13783,0.099014,0.10125,0.16216,0.16612,0.04105,0.043051,0.045495,0.055086,0.12248,0.11355,0.0164,0.01602,0.016876,0.020771,0.022238,0.022715,0.019689,0.023047
sub-016,PD,2,706,667,706,39,39,F,0.001841257,-0.035323462,0.001841257,18,42,18,0.044302,0.04362,0.091814,0.073564,0.09585,0.094412,0.0702,0.067615,0.081971,0.07741,0.036094,0.026596,0.025439,0.029834,0.097955,0.084171,0.015284,0.016071,0.012711,0.017552,0.020057,0.016237,0.021663,0.020464
sub-017,PD,2,809,767,809,42,42,F,0.319931965,0.050768531,0.319931965,34,18,34,0.16291,0.16267,0.10182,0.091539,0.096403,0.1049,0.095208,0.12817,0.18759,0.16535,0.039726,0.06812,0.054484,0.060862,0.11671,0.096236,0.01388,0.014525,0.020583,0.018092,0.022776,0.018976,0.026531,0.024317
sub-018,PD,2,733,701,733,32,32,M,0.429518448,0.727567591,0.429518448,35,30,35,0.087909,0.10197,0.080387,0.12069,0.11526,0.15412,0.089793,0.11546,0.1573,0.12999,0.064728,0.05643,0.078591,0.064254,0.12969,0.11247,0.022354,0.016107,0.022759,0.020845,0.028274,0.02611,0.027389,0.031499
sub-019,PD,2,618,595,618,23,23,M,-0.041200796,0.246033561,-0.041200796,34,32,34,0.063587,0.06639,0.056202,0.070158,0.065091,0.080268,0.039815,0.057002,0.12448,0.13335,0.026837,0.031186,0.031973,0.03916,0.12802,0.12238,0.019168,0.016337,0.013384,0.014394,0.02363,0.024184,0.025946,0.021696
sub-020,PD,2,946,904,946,42,42,F,-0.951853303,0.17343599,-0.951853303,24,14,24,0.029969,0.03848,0.08296,0.11206,0.1185,0.11403,0.060829,0.082827,0.1832,0.1779,0.039121,0.045335,0.067564,0.062951,0.10065,0.092166,0.035316,0.028742,0.016436,0.018829,0.022086,0.020452,0.024795,0.021161
sub-021,PD,2,792,754,792,38,38,F,0.537494069,0.175340199,0.537494069,34,40,34,0.041203,0.035019,0.087914,0.10375,0.10528,0.1179,0.082402,0.073531,0.10306,0.13659,0.041194,0.028002,0.034344,0.044144,0.11803,0.097922,0.019288,0.023547,0.018621,0.02085,0.021842,0.018115,0.021199,0.020631
sub-022,PD,2,791,745,791,46,46,F,0.182691138,0.542129065,0.182691138,21,14,21,0.086063,0.089564,0.10909,0.14719,0.10515,0.12905,0.094584,0.095069,0.15025,0.14714,0.043133,0.050737,0.049687,0.051712,0.16496,0.13403,0.026339,0.022249,0.013291,0.014007,0.019799,0.017579,0.019405,0.019267
sub-023,PD,2,820,774,820,46,46,M,-1.700446489,-1.507053413,-1.700446489,31,10,31,0.11679,0.12509,0.070603,0.067043,0.084478,0.087264,0.12172,0.12051,0.13305,0.13219,0.061081,0.061623,0.092058,0.098381,0.11181,0.091372,0.02162,0.028692,0.023419,0.022417,0.027229,0.029937,0.036304,0.049094
sub-024,PD,2,735,697,735,38,38,F,-1.542712447,-0.625499906,-1.542712447,35,24,35,0.12567,0.14427,0.10915,0.10707,0.13678,0.1069,0.094822,0.10492,0.15148,0.17058,0.043811,0.037138,0.043561,0.056207,0.12049,0.098677,0.017738,0.024647,0.018414,0.019313,0.027763,0.028657,0.02385,0.025179
sub-025,PD,2,680,644,680,36,36,M,0.936300979,0.816740863,0.936300979,23,23,23,0.060494,0.061897,0.11191,0.11696,0.11011,0.1268,0.084012,0.09172,0.14213,0.17041,0.040819,0.050014,0.045767,0.050655,0.11714,0.10515,0.012864,0.016211,0.012995,0.014484,0.015162,0.017813,0.014707,0.014184
sub-026,PD,2,736,700,736,36,36,M,-0.327074296,-0.036587811,-0.327074296,18,8,18,0.0087262,0.007511,0.093221,0.12437,0.13281,0.09988,0.044511,0.052638,0.10366,0.1168,0.02556,0.042462,0.041488,0.04033,0.12725,0.10404,0.010945,0.013059,0.016173,0.015826,0.021087,0.017541,0.021728,0.018698
sub-027,PD,2,768,730,768,38,38,M,-0.055182012,0.222478278,-0.055182012,35,35,35,0.078668,0.057801,0.15557,0.12203,0.18255,0.19849,0.057211,0.07761,0.18662,0.18047,0.042873,0.048931,0.057823,0.061109,0.18385,0.18026,0.015281,0.015375,0.013954,0.013676,0.01882,0.017938,0.0203,0.01699
sub-028,PD,2,935,894,935,41,41,M,-1.15619534,-0.903466753,-1.15619534,32,25,32,0.051218,0.041882,0.13801,0.13531,0.13194,0.12897,0.077773,0.085501,0.2527,0.26306,0.054687,0.045748,0.08809,0.085025,0.11112,0.1095,0.027142,0.024487,0.024579,0.022363,0.03041,0.033332,0.030798,0.031768
sub-029,PD,2,858,816,858,42,42,M,0.025558,-0.295393706,0.025558,30,15,30,0.075448,0.094895,0.10635,0.12173,0.12495,0.14235,0.069765,0.090963,0.18651,0.16824,0.042823,0.043894,0.056396,0.055319,0.10752,0.11871,0.018521,0.01972,0.021187,0.017462,0.025344,0.018735,0.022834,0.023262
sub-030,PD,2,941,901,941,40,40,F,0.135218186,0.528181496,0.135218186,22,12,22,0.11055,0.093854,0.093305,0.10122,0.12518,0.12915,0.078751,0.069361,0.12508,0.13755,0.054754,0.052167,0.10749,0.099836,0.079185,0.074009,0.017469,0.017422,0.016404,0.016967,0.027691,0.025907,0.023663,0.025537
sub-031,PD,2,942,906,942,36,36,F,-0.63892492,-0.361148176,-0.63892492,25,36,25,0.087599,0.09406,0.062029,0.081322,0.073279,0.081374,0.069541,0.075648,0.16357,0.18001,0.045431,0.057735,0.054599,0.054299,0.083645,0.086712,0.014776,0.014356,0.014826,0.016286,0.016783,0.018874,0.020441,0.017871
sub-032,PD,2,900,859,900,41,41,F,0.270799066,-0.363393676,0.270799066,25,18,25,0.11077,0.12624,0.090656,0.091741,0.093853,0.076138,0.10616,0.13286,0.12875,0.14309,0.077435,0.087582,0.080934,0.097473,0.12123,0.115,0.017519,0.018218,0.017533,0.01534,0.02406,0.020608,0.021944,0.021837
sub-033,PD,2,720,681,720,39,39,M,0.144628126,-0.156641256,0.144628126,44,15,44,0.058948,0.078141,0.12816,0.12198,0.11958,0.088553,0.068442,0.084627,0.1883,0.19653,0.060054,0.062502,0.099125,0.078945,0.16006,0.13303,0.024318,0.019552,0.019185,0.017345,0.021233,0.023908,0.022121,0.018847
sub-034,PD,2,855,820,855,35,35,M,-1.436696475,-1.428632322,-1.436696475,54,75,54,0.11472,0.13357,0.15892,0.20983,0.22791,0.18669,0.13735,0.15004,0.25777,0.29494,0.088059,0.083382,0.11909,0.11803,0.18601,0.14286,0.02953,0.029414,0.01944,0.020721,0.029028,0.024897,0.021758,0.020879
sub-035,PD,2,813,778,813,35,35,F,0.572959435,0.526725471,0.572959435,28,12,28,0.079737,0.067903,0.091798,0.078489,0.11511,0.10357,0.061389,0.064435,0.1359,0.12779,0.055274,0.060861,0.06728,0.068157,0.090355,0.080034,0.018356,0.017078,0.017912,0.015581,0.017294,0.019887,0.018553,0.019056
sub-036,PD,2,901,865,901,36,36,M,0.464383192,0.654685653,0.464383192,47,30,47,0.094029,0.092953,0.069966,0.08322,0.075894,0.072351,0.072078,0.079956,0.1182,0.14694,0.041601,0.040618,0.054911,0.064364,0.11798,0.11227,0.013525,0.012437,0.015489,0.016185,0.018245,0.019256,0.014957,0.01473
sub-037,PD,2,722,687,722,35,35,M,-0.667349819,-0.098007435,-0.667349819,47,30,47,0.11093,0.11097,0.076252,0.083045,0.089534,0.090729,0.10197,0.082872,0.15849,0.19821,0.046658,0.049543,0.056002,0.059654,0.14518,0.1269,0.021128,0.025879,0.0212,0.021217,0.024683,0.028523,0.027875,0.030649
sub-038,PD,2,839,797,839,42,42,F,0.48345768,0.427296003,0.48345768,25,10,25,0.091604,0.10062,0.097106,0.10462,0.10783,0.098133,0.092851,0.10467,0.12277,0.15053,0.045637,0.040208,0.052755,0.064836,0.13962,0.12816,0.017899,0.030232,0.017028,0.016368,0.024685,0.018355,0.019174,0.020736
sub-039,PD,2,777,733,777,44,44,F,-0.459266934,-0.114,-0.459266934,26,7,26,0.089647,0.084745,0.067576,0.092267,0.067751,0.064397,0.09028,0.096612,0.12948,0.14705,0.068687,0.073817,0.092265,0.086124,0.12702,0.1102,0.013103,0.01273,0.015214,0.016022,0.022775,0.02285,0.033913,0.022955
sub-040,PD,2,779,744,779,35,35,F,0.508773343,0.628777353,0.508773343,31,9,31,0.057386,0.072449,0.042004,0.043166,0.083754,0.062241,0.038932,0.046913,0.14209,0.14254,0.035039,0.036937,0.039161,0.042862,0.097716,0.096554,0.012061,0.01672,0.013718,0.017412,0.020227,0.026657,0.022434,0.026778
sub-041,PD,2,864,827,864,37,37,F,-0.976102122,-1.456710796,-0.976102122,26,27,26,0.11792,0.12353,0.071564,0.065809,0.080941,0.073385,0.096425,0.11259,0.16344,0.16065,0.068621,0.069604,0.07539,0.079072,0.091957,0.075812,0.022052,0.023352,0.017302,0.018552,0.026819,0.02833,0.020556,0.020853
sub-042,PD,2,670,633,670,37,37,F,0.702753465,0.296787284,0.702753465,14,12,14,0.098943,0.079271,0.067324,0.096131,0.071246,0.074978,0.083257,0.087953,0.10607,0.12129,0.033708,0.039166,0.048321,0.0484,0.094395,0.089245,0.015299,0.017911,0.015351,0.017756,0.024043,0.024808,0.022072,0.022027
sub-043,PD,2,867,830,867,37,37,F,0.490904521,0.559587146,0.490904521,21,21,21,0.077952,0.0916,0.088167,0.10233,0.11834,0.10586,0.056369,0.078027,0.1538,0.18907,0.042421,0.042541,0.061826,0.070945,0.10976,0.090368,0.019404,0.016384,0.015354,0.015025,0.01886,0.023125,0.021675,0.022522
sub-044,PD,2,917,879,917,38,38,M,0.654585975,0.712981967,0.654585975,40,20,40,0.075524,0.079225,0.11146,0.11588,0.11635,0.15904,0.062997,0.057038,0.1493,0.13248,0.051359,0.032855,0.089749,0.12699,0.15084,0.1113,0.017519,0.014177,0.017415,0.014833,0.020317,0.01883,0.016715,0.018571
sub-045,PD,2,989,952,989,37,37,M,-1.999141587,-1.050932917,-1.999141587,39,39,39,0.13742,0.12517,0.12096,0.11019,0.14809,0.13937,0.1113,0.11365,0.28246,0.3451,0.073165,0.089163,0.11209,0.11613,0.15702,0.13221,0.021419,0.022476,0.022586,0.0217,0.031477,0.031049,0.029997,0.030835
sub-046,PD,2,775,741,775,34,34,F,-0.10665272,-0.062678774,-0.10665272,36,26,36,0.095624,0.085636,0.097103,0.088462,0.093462,0.092089,0.092729,0.095866,0.14057,0.17028,0.070779,0.064624,0.050576,0.065203,0.12141,0.10944,0.021031,0.017661,0.019011,0.019613,0.021516,0.022739,0.02647,0.028769
sub-047,PD,2,808,771,808,37,37,M,0.26861699,-0.549881992,0.26861699,25,24,25,0.050851,0.051335,0.088317,0.092458,0.099045,0.10308,0.057091,0.061873,0.18062,0.20077,0.04698,0.040753,0.043136,0.057307,0.13392,0.12493,0.011959,0.012608,0.014438,0.013718,0.026419,0.026149,0.026512,0.025416
sub-048,PD,2,875,842,875,33,33,M,-1.442086564,-4.43E-01,-1.442086564,21,25,21,0.043071,0.05372,0.071112,0.068794,0.083998,0.087464,0.094347,0.088454,0.11412,0.094111,0.042802,0.047242,0.06342,0.066409,0.099655,0.080739,0.013882,0.014444,0.011973,0.018033,0.020169,0.015856,0.02335,0.019916
sub-049,PD,2,836,801,836,35,35,M,-0.207712719,-0.39539412,-0.207712719,29,14,29,0.021733,0.020592,0.053857,0.075366,0.069311,0.064179,0.07701,0.087084,0.12394,0.11528,0.03596,0.037031,0.038006,0.047346,0.10485,0.093252,0.015037,0.015753,0.015083,0.014323,0.024677,0.024175,0.02223,0.022599
sub-050,PD,2,726,691,726,35,35,M,0.747298902,0.121452696,0.747298902,22,40,22,0.05963,0.041781,0.067658,0.092231,0.061688,0.075636,0.050854,0.068246,0.07341,0.12313,0.041654,0.04185,0.045877,0.046982,0.1102,0.10898,0.022114,0.024728,0.015902,0.015146,0.026967,0.025879,0.025836,0.035851
sub-051,PD,2,806,768,806,38,38,M,-0.869967961,-2.129724034,-0.869967961,28,22,28,0.062463,0.063425,0.091295,0.11453,0.094516,0.12252,0.10258,0.087826,0.19115,0.15722,0.048085,0.038897,0.0609,0.071444,0.12064,0.10837,0.011747,0.014801,0.014526,0.0188,0.028328,0.025086,0.022149,0.020863
sub-052,PD,2,819,785,819,34,34,F,0.570544993,0.182870792,0.570544993,33,19,33,0.07871,0.074547,0.13476,0.16539,0.18901,0.14422,0.069977,0.086653,0.20422,0.19686,0.049672,0.068179,0.089917,0.067256,0.1436,0.13242,0.019764,0.013948,0.019406,0.017141,0.015885,0.013974,0.022107,0.023856
sub-053,PD,2,764,718,764,46,46,F,-0.576865338,-0.975695163,-0.576865338,24,16,24,0.068043,0.074836,0.087686,0.10592,0.11512,0.12676,0.078274,0.10619,0.076045,0.068358,0.055371,0.056534,0.051343,0.051765,0.11077,0.13063,0.020025,0.016748,0.019296,0.020125,0.0272,0.026954,0.034115,0.035275
sub-054,PD,2,727,687,727,40,40,F,-3.336481977,-0.736198779,-3.336481977,33,19,33,0.14979,0.14265,0.19351,0.19371,0.18019,0.1809,0.13193,0.13147,0.19959,0.21074,0.092677,0.068939,0.086275,0.085124,0.14337,0.12698,0.019254,0.019396,0.015789,0.019278,0.022639,0.022367,0.021589,0.024299
sub-055,PD,2,902,868,902,34,34,F,-0.045796643,0.069420908,-0.045796643,25,18,25,0.055346,0.055464,0.11243,0.090299,0.061843,0.036056,0.10123,0.096435,0.14175,0.12388,0.059802,0.063404,0.085684,0.072226,0.13281,0.13354,0.01502,0.016873,0.017865,0.017677,0.022016,0.021894,0.024356,0.021613
sub-056,PD,2,738,702,738,36,36,F,-0.486045034,0.393993996,-0.486045034,14,11,14,0.11796,0.099966,0.093497,0.096799,0.11441,0.10337,0.098293,0.10855,0.16945,0.13959,0.051744,0.047191,0.048498,0.057342,0.15127,0.14108,0.01595,0.016891,0.015553,0.018094,0.019658,0.018854,0.019636,0.019635
sub-057,PD,2,899,864,899,35,35,M,-1.852299129,-1.576463352,-1.852299129,26,16,26,0.0544,0.054087,0.051273,0.068605,0.073556,0.076436,0.059279,0.085415,0.1491,0.1341,0.045569,0.047567,0.076581,0.07521,0.096322,0.086839,0.016194,0.018534,0.021469,0.018797,0.027051,0.03127,0.024935,0.029318
sub-058,PD,2,882,843,882,39,39,F,0.6696569,1.365090706,0.6696569,21,6,21,0.14947,0.14238,0.096661,0.10898,0.14777,0.10358,0.10432,0.12893,0.18183,0.21448,0.047188,0.049469,0.067714,0.069672,0.14963,0.14301,0.017405,0.014133,0.016019,0.01538,0.018904,0.016253,0.020247,0.018428
sub-059,PD,2,706,663,706,43,43,M,-0.181674759,-0.115193824,-0.181674759,26,14,26,0.065341,0.060333,0.086294,0.11169,0.08504,0.1136,0.082262,0.091782,0.16929,0.16927,0.039846,0.035157,0.047786,0.04639,0.11655,0.10957,0.015482,0.017394,0.014218,0.022214,0.033309,0.029463,0.034753,0.030123
